Strategy,protocol_name,roi,Allocation ($),Weight (%)
WETH/USDC (Arbitrum),uniswap-v3,108.485770,104671.42183187813,52.33571091593906
WETH/USDC (Base),uniswap-v3,90.379350,51856.47354755518,25.92823677377759
WETH/USDT (Ethereum),uniswap-v3,106.953990,43472.10462056666,21.736052310283327
