Strategy,protocol_name,roi,Allocation ($),Weight (%)
WETH/USDC (Arbitrum),uniswap-v3,112.251160,111147.51448286537,55.57375724143269
WETH/USDC (Base),uniswap-v3,86.349900,53025.48080847327,26.512740404236638
WETH/USDT (Ethereum),uniswap-v3,92.416660,35827.00470866137,17.913502354330685
