Strategy,protocol_name,roi,Allocation ($),Weight (%)
WETH/USDC (Arbitrum),uniswap-v3,108.485770,103999.83686225826,51.99991843112913
WETH/USDC (Base),uniswap-v3,90.379350,51578.765682813166,25.78938284140658
WETH/USDT (Ethereum),uniswap-v3,112.334730,44421.39745492857,22.210698727464283
