Strategy,protocol_name,roi,Allocation ($),Weight (%)
WETH/USDC (ARB),uniswap-v3,42.320500,66743.97051419884,33.37198525709942
WETH/USDC (ARB),kamino,38.567800,48151.19519787253,24.075597598936266
WETH/USDC (BASE),uniswap-v3,40.468460,33256.02948580116,16.62801474290058
WETH/USDT (ARB),gmx,33.432100,30000.0,15.0
WETH/USDT (ETH),aura,56.681640,11848.804802127477,5.924402401063739
WETH/USDC (BASE),save,20.123450,6815.378415118245,3.4076892075591227
WETH/USDT (ARB),camelot,40.291650,3184.621584881756,1.592310792440878
