Strategy,protocol_name,roi,Allocation ($),Weight (%)
SDAI/SUSDE (Ethereum),curve-dex,26.560000,100542.70394837717,50.27135197418858
SUSDE (Ethereum),ethena-usde,26.271730,30000.0,15.0
USD0++ (Ethereum),usual,92.982090,10000.0,5.0
SFRAX (Ethereum),frax,12.134880,1570.3142654899525,0.7851571327449762
