Token1,Token2,Protocol,PoolID,Rating,ROI,StrategyRating
WETH(ARB),USDC(ARB),uniswap-v3,a14bd201-764c-40a5-86b8-2928b2461232,18863061350,43.4178,1886.306135
SOL(ETH),WETH(SOL),uniswap-v3,789a87fa-2dc5-46ac-a4f9-f382a9b508bd,10262371080,30.97418,2052.474216
WETH(BASE),USDC(BASE),uniswap-v3,8b3cadb9-b9f1-4539-998c-18c02e9e65a0,5166228000,58.16942,516.6228
WETH(ETH),USDT(ETH),uniswap-v3,3a2f2faf-6423-4569-ad93-821c54cbe702,3514188604,38.16165,234.27924026666665
WETH(ARB),USDT(ARB),camelot,a51d982c-72ad-43b1-9cb2-0273c46655f3,2311518836,48.63842,154.10125573333332
